normalized_key,product_name_sample,package_size,sources,n_offers,n_with_price,min_price,min_price_source,max_price,spread,spread_pct
n23_фиксер 12кг,Мастика (клей) для гибкой черепицы 12кг ТЕХНОНИКОЛЬ Шинглас Фиксер,12 кг,"ksk24.ru, tophouse.ru",2,2,6681.0,ksk24.ru,10714.8,4033.7999999999993,60.37718904355634
n23_фиксер 3.6кг,"Мастика (клей) для гибкой черепицы 3,6кг ТЕХНОНИКОЛЬ Шинглас Фиксер",3.6 кг,"ksk24.ru, tophouse.ru",2,2,2253.0,ksk24.ru,3603.64,1350.6399999999999,59.9485130936529
n23_фиксер 310мл,Мастика (клей) для гибкой черепицы 310мл ТЕХНОНИКОЛЬ Шинглас Фиксер,0.4 кг,"ksk24.ru, tophouse.ru",2,2,398.0,ksk24.ru,608.58,210.58000000000004,52.909547738693476
n24_мгтн 3кг,Мастика №24 гидроизоляционная ТехноНиколь (МГТН) 3кг,3 кг,"ksk24.ru, tophouse.ru",2,1,1525.0,ksk24.ru,1525.0,0.0,0.0
n21_техномаст 3кг,Мастика №21 кровельная ТехноНиколь (Техномаст) 3кг,3 кг,"ksk24.ru, tophouse.ru",2,1,2036.0,ksk24.ru,2036.0,0.0,0.0
n41_эврика 30кг,Мастика кровельная горячая ТН №41 (Эврика) меш.30кг,30 кг,ksk24.ru,1,1,3477.0,ksk24.ru,3477.0,0.0,0.0
n27 12кг,Мастика №27 приклеивающая ТехноНиколь 12кг,12 кг,"ksk24.ru, tophouse.ru",2,1,3842.0,ksk24.ru,3842.0,0.0,0.0
n31 20.6л,"Мастика кровельная ТЕХНОНИКОЛЬ №31 морозостойкая, 20,6 л",20.6 л,ksk24.ru,1,1,4298.0,ksk24.ru,4298.0,0.0,0.0
n24_мгтн 20кг,Мастика №24 гидроизоляционная ТехноНиколь (МГТН) 20кг,20 кг,"ksk24.ru, tophouse.ru",2,1,5457.0,ksk24.ru,5457.0,0.0,0.0
n27 22кг,"Мастика приклеивающая ТЕХНОНИКОЛЬ №27, ведро 22 кг",22 кг,"ksk24.ru, tophouse.ru",2,1,5688.0,ksk24.ru,5688.0,0.0,0.0
n21_техномаст 10кг,Мастика №21 кровельная ТехноНиколь (Техномаст) 10кг,10 кг,"ksk24.ru, tophouse.ru",2,1,5974.0,ksk24.ru,5974.0,0.0,0.0
n22_вишера 20кг,Мастика №22 приклеивающая ТехноНиколь (Вишера) 20кг,20 кг,"ksk24.ru, tophouse.ru",2,1,8427.0,ksk24.ru,8427.0,0.0,0.0
n21_техномаст 20кг,Мастика №21 кровельная ТехноНиколь (Техномаст) 20кг,20 кг,"ksk24.ru, tophouse.ru",2,1,8801.0,ksk24.ru,8801.0,0.0,0.0
пламя_стоп,Мастика ТехноНИКОЛЬ - Пламя Стоп,,ksk24.ru,1,1,19090.0,ksk24.ru,19090.0,0.0,0.0
n57 20кг,"Мастика защитная алюминиевая ТЕХНОНИКОЛЬ № 57, 20 кг",20 кг,"ksk24.ru, tophouse.ru",2,1,20522.0,ksk24.ru,20522.0,0.0,0.0
16кг,"Мастика битумная изоляционная, ведро 20л (16кг)",16 кг,tophouse.ru,1,0,,,,,
n24_мгтн 10кг,"Мастика ТехноНиколь МГТН № 24, 10кг",10 кг,tophouse.ru,1,0,,,,,
n31 18кг,Мастика №31 кровельная морозостойкая ТехноНиколь 18кг,18 кг,tophouse.ru,1,0,,,,,
n33 200кг,"Мастика водоэмульсионная ТЕХНОНИКОЛЬ №33, 200кг",200 кг,tophouse.ru,1,0,,,,,
