product_name,price,unit,package_size,availability,url,source,scrape_timestamp,normalized_key,package_size_filled
Мастика ТехноНИКОЛЬ - Пламя Стоп,19090.0,,,Уточняйте,https://ksk24.ru/catalog/mastiki/mastika-tekhnonikol-plamya-stop/,ksk24.ru,2026-09-30T20:39:43+00:00,пламя_стоп,
"Мастика гидроизоляционная ТН №24 (МГТН), ведро 20кг",5457.0,кг,20 кг,31 шт.,https://ksk24.ru/catalog/mastiki-i-praymery/mastika-gidroizolyacionnaya-tn-24mgtn-vedro-20kg/,ksk24.ru,2026-09-30T20:39:46+00:00,n24_мгтн 20кг,20 кг
"Мастика гидроизоляционная ТН №24 (МГТН), ведро 3кг",1525.0,кг,3 кг,Уточняйте,https://ksk24.ru/catalog/mastiki-i-praymery/mastika-gidroizolyacionnaya-tn-24mgtn-vedro-3kg/,ksk24.ru,2026-09-30T20:39:46+00:00,n24_мгтн 3кг,3 кг
Мастика защитная алюминиевая ТН № 57 (20 кг),20522.0,кг,20 кг,Уточняйте,https://ksk24.ru/catalog/mastiki-i-praymery/mastika-zashchitnaya-alyuminievaya-tn-57-20-kg/,ksk24.ru,2026-09-30T20:39:46+00:00,n57 20кг,20 кг
"Мастика кровельная ТЕХНОНИКОЛЬ №31 морозостойкая, 20,6 л",4298.0,л,20.6 л,Уточняйте,https://ksk24.ru/catalog/mastiki-i-praymery/mastika-krovelnaya-tekhnonikol-31-morozostoykaya-20-6-l/,ksk24.ru,2026-09-30T20:39:43+00:00,n31 20.6л,20.6 л
"Мастика кровельная ТН №21 (Техномаст), ведро 10 кг",5974.0,кг,10 кг,Уточняйте,https://ksk24.ru/catalog/mastiki-i-praymery/mastika-krovelnaya-tn-21-tekhnomast-vedro-10-kg/,ksk24.ru,2026-09-30T20:39:46+00:00,n21_техномаст 10кг,10 кг
"Мастика кровельная ТН №21 (Техномаст), ведро 20кг",8801.0,кг,20 кг,Уточняйте,https://ksk24.ru/catalog/mastiki-i-praymery/mastika-krovelnaya-tn-21-tehnomast-vedro-20kg/,ksk24.ru,2026-09-30T20:39:46+00:00,n21_техномаст 20кг,20 кг
"Мастика кровельная ТН №21 (Техномаст), ведро 3 кг",2036.0,кг,3 кг,Уточняйте,https://ksk24.ru/catalog/mastiki-i-praymery/mastika-krovelnaya-tn-21-tekhnomast-vedro-3-kg/,ksk24.ru,2026-09-30T20:39:46+00:00,n21_техномаст 3кг,3 кг
Мастика кровельная горячая ТН №41 (Эврика) меш.30кг,3477.0,кг,30 кг,Уточняйте,https://ksk24.ru/catalog/mastiki-i-praymery/mastika-krovelnaya-goryachaya-tn-41evrika-mesh30kg/,ksk24.ru,2026-09-30T20:39:43+00:00,n41_эврика 30кг,30 кг
"Мастика приклеивающая ТН №22 (Вишера), вед. 20кг",8427.0,кг,20 кг,Уточняйте,https://ksk24.ru/catalog/mastiki-i-praymery/mastika-prikleivayushchayasya-tn-22-vishera-ved-20kg/,ksk24.ru,2026-09-30T20:39:46+00:00,n22_вишера 20кг,20 кг
Мастика приклеивающая ТН №23 (Фиксер) 12 кг,6681.0,кг,12 кг,149 шт.,https://ksk24.ru/catalog/mastiki-i-praymery/mastika-prikleivayushchaya-tn-23-fikser-12-kg/,ksk24.ru,2026-09-30T20:39:46+00:00,n23_фиксер 12кг,12 кг
"Мастика приклеивающая ТН №23 (Фиксер) 3,6 кг",2253.0,кг,3.6 кг,14 шт.,https://ksk24.ru/catalog/mastiki-i-praymery/mastika-prikleivayushchaya-tn-23-fikser-3-6-kg/,ksk24.ru,2026-09-30T20:39:46+00:00,n23_фиксер 3.6кг,3.6 кг
"Мастика приклеивающая ТН №23 (Фиксер) Картридж 0,4 кг, 310 мл",398.0,кг,0.4 кг,6 шт.,https://ksk24.ru/catalog/mastiki-i-praymery/mastika-prikleivayushchaya-tn-23-fikser-kartridzh-0-4-kg-310-ml/,ksk24.ru,2026-09-30T20:39:46+00:00,n23_фиксер 310мл,0.4 кг
Мастика приклеивающая ТН №27 12 кг,3842.0,кг,12 кг,Уточняйте,https://ksk24.ru/catalog/mastiki-i-praymery/mastika-prikleivayushchaya-tn-27-12-kg/,ksk24.ru,2026-09-30T20:39:46+00:00,n27 12кг,12 кг
Мастика приклеивающая ТН №27 22 кг,5688.0,кг,22 кг,Уточняйте,https://ksk24.ru/catalog/mastiki-i-praymery/mastika-prikleivayushchaya-tn-27-22-kg/,ksk24.ru,2026-09-30T20:39:46+00:00,n27 22кг,22 кг
Мастика (клей) для гибкой черепицы 12кг ТЕХНОНИКОЛЬ Шинглас Фиксер,10714.8,кг,12 кг,на складе,https://www.tophouse.ru/price/mastika-fikser-12-kg-203,tophouse.ru,2026-09-30T20:39:54+00:00,n23_фиксер 12кг,12 кг
"Мастика (клей) для гибкой черепицы 3,6кг ТЕХНОНИКОЛЬ Шинглас Фиксер",3603.64,кг,3.6 кг,на складе,https://www.tophouse.ru/price/mastika-fikser-3-6-kg-202,tophouse.ru,2026-09-30T20:39:54+00:00,n23_фиксер 3.6кг,3.6 кг
Мастика (клей) для гибкой черепицы 310мл ТЕХНОНИКОЛЬ Шинглас Фиксер,608.58,мл,310 мл,на складе,https://www.tophouse.ru/price/mastika-fikser-0-3-kg-201,tophouse.ru,2026-09-30T20:39:54+00:00,n23_фиксер 310мл,310 мл
"Мастика ТехноНиколь МГТН № 24, 10кг",,кг,10 кг,по запросу,https://www.tophouse.ru/price/mastika-tehnonikol-mgtn-24-10kg-54995,tophouse.ru,2026-09-30T20:39:53+00:00,n24_мгтн 10кг,10 кг
"Мастика битумная изоляционная, ведро 20л (16кг)",,кг,16 кг,по запросу,https://www.tophouse.ru/price/mastika-bitumnaya-izolyatsionnaya-vedro-20l-16kg-54978,tophouse.ru,2026-09-30T20:39:53+00:00,16кг,16 кг
"Мастика водоэмульсионная ТЕХНОНИКОЛЬ №33, 200кг",,кг,200 кг,по запросу,https://www.tophouse.ru/price/mastika-vodoemulsionnaya-tehnonikol-33-200kg-54994,tophouse.ru,2026-09-30T20:39:53+00:00,n33 200кг,200 кг
"Мастика защитная алюминиевая ТЕХНОНИКОЛЬ № 57, 20 кг",,кг,20 кг,по запросу,https://www.tophouse.ru/price/mastika-zaschitnaya-alyuminievaya-tehnonikol-57-20-kg-54993,tophouse.ru,2026-09-30T20:39:54+00:00,n57 20кг,20 кг
"Мастика приклеивающая ТЕХНОНИКОЛЬ №27, ведро 22 кг",,кг,22 кг,по запросу,https://www.tophouse.ru/price/mastika-prikleivayuschaya-tehnonikol-27-vedro-22-kg-54997,tophouse.ru,2026-09-30T20:39:53+00:00,n27 22кг,22 кг
Мастика №21 кровельная ТехноНиколь (Техномаст) 10кг,,кг,10 кг,по запросу,https://www.tophouse.ru/price/mastika-21-krovelnaya-tehnonikol-tehnomast-10kg-10364,tophouse.ru,2026-09-30T20:39:53+00:00,n21_техномаст 10кг,10 кг
Мастика №21 кровельная ТехноНиколь (Техномаст) 20кг,,кг,20 кг,по запросу,https://www.tophouse.ru/price/mastika-21-krovelnaya-tehnonikol-tehnomast-20kg-10365,tophouse.ru,2026-09-30T20:39:53+00:00,n21_техномаст 20кг,20 кг
Мастика №21 кровельная ТехноНиколь (Техномаст) 3кг,,кг,3 кг,по запросу,https://www.tophouse.ru/price/mastika-21-krovelnaya-tehnonikol-tehnomast-3kg-10363,tophouse.ru,2026-09-30T20:39:53+00:00,n21_техномаст 3кг,3 кг
Мастика №22 приклеивающая ТехноНиколь (Вишера) 20кг,,кг,20 кг,по запросу,https://www.tophouse.ru/price/mastika-22-prikleivayuschaya-tehnonikol-vishera-20kg-33643,tophouse.ru,2026-09-30T20:39:53+00:00,n22_вишера 20кг,20 кг
Мастика №24 гидроизоляционная ТехноНиколь (МГТН) 20кг,,кг,20 кг,по запросу,https://www.tophouse.ru/price/mastika-24-gidroizolyatsionnaya-tehnonikol-mgtn-20kg-10373,tophouse.ru,2026-09-30T20:39:53+00:00,n24_мгтн 20кг,20 кг
Мастика №24 гидроизоляционная ТехноНиколь (МГТН) 3кг,,кг,3 кг,по запросу,https://www.tophouse.ru/price/mastika-24-gidroizolyatsionnaya-tehnonikol-mgtn-3kg-10372,tophouse.ru,2026-09-30T20:39:53+00:00,n24_мгтн 3кг,3 кг
Мастика №27 приклеивающая ТехноНиколь 12кг,,кг,12 кг,по запросу,https://www.tophouse.ru/price/mastika-27-prikleivayuschaya-tehnonikol-12kg-54981,tophouse.ru,2026-09-30T20:39:53+00:00,n27 12кг,12 кг
Мастика №31 кровельная морозостойкая ТехноНиколь 18кг,,кг,18 кг,по запросу,https://www.tophouse.ru/price/mastika-31-krovelnaya-morozostoykaya-tehnonikol-18kg-10371,tophouse.ru,2026-09-30T20:39:53+00:00,n31 18кг,18 кг
